id,lastmod
Q92594028,2021-04-05T06:43:24Z
Q92784969,2022-10-08T12:14:25Z
Q93146040,2021-04-05T06:43:11Z
Q93348468,2022-10-08T11:45:44Z
Q93350584,2021-04-05T06:42:58Z
Q96054319,2022-10-08T11:45:08Z
Q96056567,2022-10-08T10:55:28Z
Q96057708,2022-10-08T11:41:04Z
Q96059149,2022-10-08T13:03:21Z
Q96130472,2022-09-11T00:01:56Z
Q96634095,2021-04-05T06:42:10Z
Q96638938,2021-04-05T06:42:04Z
Q96654358,2022-10-08T11:59:40Z
Q96655331,2022-10-08T11:40:03Z
Q99525723,2022-08-31T09:10:56Z
Q106730305,2022-10-08T11:53:50Z
Q107400069,2022-10-08T12:44:42Z
Q109045965,2022-10-08T12:44:17Z
Q112729047,2022-10-08T11:43:51Z
Q113172045,2022-10-08T12:51:01Z
Q113499830,2022-09-12T05:03:27Z
Q113575855,2022-10-12T07:32:32Z
Q113833332,2022-10-08T13:29:36Z
Q113838856,2022-10-08T11:44:47Z
Q113840416,2022-10-08T12:06:58Z
Q114497171,2022-10-08T13:02:14Z
Q114497404,2022-10-08T13:02:17Z
Q114497727,2022-10-08T13:02:21Z
Q114498141,2022-10-08T13:17:57Z
Q9682,2022-12-08T23:09:28Z
Q43274,2022-12-08T06:28:48Z
Q57892,2022-10-04T06:57:27Z
Q58169,2022-09-14T14:21:38Z
Q316264,2022-10-04T06:03:14Z
Q438696,2022-10-14T13:41:53Z
Q466818,2022-08-22T04:52:53Z
Q471229,2022-08-22T04:49:34Z
Q561338,2022-09-20T20:44:18Z
Q567469,2022-10-08T13:02:43Z
Q719336,2022-08-22T04:52:54Z
Q809205,2022-08-23T08:09:45Z
Q815326,2022-04-16T19:45:24Z
Q935472,2022-08-22T04:49:25Z
Q950406,2022-07-25T11:15:03Z
Q1239419,2022-10-08T13:02:39Z
Q1312080,2022-08-22T04:42:38Z
Q1381425,2022-08-22T04:56:52Z
Q1385996,2022-08-22T05:21:22Z
Q1631900,2022-07-30T18:30:56Z
Q1686476,2022-08-22T04:52:56Z
Q1707366,2022-11-25T15:59:28Z
Q2003366,2022-10-05T00:46:23Z
Q2007264,2022-10-05T00:46:22Z
Q2117670,2022-09-14T19:53:34Z
Q3182674,2022-09-06T08:25:50Z
Q3372294,2022-08-23T08:09:48Z
Q5106757,2020-11-26T00:08:16Z
Q5362021,2022-08-22T05:19:07Z
Q5763004,2022-08-22T05:21:21Z
Q5959129,2022-10-08T11:43:58Z
Q6138903,2022-10-08T13:02:46Z
Q6242479,2022-08-23T08:09:44Z
Q6429307,2021-10-18T17:24:14Z
Q6833018,2022-10-08T12:05:23Z
Q7147332,2022-08-22T05:21:24Z
Q7177816,2022-09-19T22:32:50Z
Q7236875,2022-10-31T06:40:23Z
Q7407084,2021-04-30T22:02:04Z
Q7960737,2022-10-08T11:55:17Z
Q17318820,2022-08-11T16:53:44Z
Q17318841,2022-10-15T05:36:00Z
Q19630347,2022-10-14T16:49:54Z
Q24053597,2022-04-16T03:26:54Z
Q25553147,2022-10-14T22:32:15Z
Q27975449,2022-07-11T14:49:15Z
Q28086377,2022-10-15T00:04:35Z
Q28647870,2022-11-07T08:16:51Z
Q28911703,2022-10-14T23:54:05Z
Q28911869,2022-10-14T23:54:06Z
Q28962940,2022-10-14T23:55:33Z
Q28966596,2022-10-14T23:56:59Z
Q28967536,2022-09-09T13:14:22Z
Q28967857,2022-10-14T23:57:06Z
Q28967927,2022-04-16T05:24:47Z
Q29025022,2022-10-14T23:56:31Z
Q29583256,2022-04-16T05:47:41Z
Q29584147,2022-10-15T00:03:24Z
Q29650223,2022-10-08T11:45:32Z
Q29791586,2022-04-16T05:51:47Z
Q29944026,2022-04-16T05:55:16Z
Q35498105,2022-10-15T00:26:53Z
Q35553617,2022-10-15T00:27:56Z
Q42631708,2022-09-13T04:57:27Z
Q56043281,2022-10-08T11:57:18Z
Q61800967,2022-08-06T15:49:58Z
Q64359181,2021-10-09T22:40:07Z
Q64495984,2022-10-08T11:45:01Z
Q64740152,2021-10-09T22:39:04Z
Q64746326,2022-09-14T19:53:07Z
Q64746863,2022-10-08T12:57:17Z
Q64747295,2022-10-08T13:02:51Z
Q76081730,2022-08-22T05:21:23Z
Q80070005,2022-10-08T12:43:30Z
Q85991458,2022-11-13T14:40:30Z
Q86450088,2022-10-08T13:03:00Z
Q86993820,2021-09-14T22:18:04Z
Q87466389,2021-05-14T05:09:54Z
Q87476701,2022-10-08T12:57:16Z
Q89778777,2021-04-05T06:31:11Z
Q89782078,2022-10-08T13:03:04Z
Q89783567,2021-06-04T11:54:53Z
Q89785640,2021-04-05T06:45:34Z
Q89817169,2022-10-08T12:56:31Z
Q89906305,2021-04-05T06:45:18Z
Q89906797,2021-04-05T06:45:12Z
Q89910125,2021-04-05T06:45:05Z
Q89911048,2022-10-08T11:53:02Z
Q89921206,2022-10-08T11:44:05Z
Q89927590,2021-07-30T16:59:23Z
Q89992188,2022-10-08T13:03:07Z
Q89995729,2022-10-08T11:44:19Z
Q90000254,2022-08-22T04:52:57Z
Q90126334,2022-10-08T13:03:10Z
Q90144728,2022-10-08T11:44:26Z
Q90556856,2022-08-19T13:16:03Z
Q90717210,2022-10-08T12:46:10Z
Q92487179,2022-10-08T10:34:48Z
Q92585016,2021-04-05T06:43:44Z
Q92587750,2021-04-05T06:43:37Z
